,title,source,link,date
8,"Bonner County Calendar - Oct. 24, 2023",Bonner County Daily Bee,news.google.com/articles/CBMiVWh0dHBzOi8vYm9ubmVyY291bnR5ZGFpbHliZWUuY29tL25ld3MvMjAyMy9vY3QvMjQvYm9ubmVyLWNvdW50eS1jYWxlbmRhci1vY3QtMjQtMjAyMy_SAQA?hl=en-IN&gl=IN&ceid=IN%3Aen,2023-10-24
12,"Happenings around the Perham area, Oct. 19-29",Perham Focus,news.google.com/articles/CBMiSmh0dHBzOi8vd3d3LnBlcmhhbWZvY3VzLmNvbS9jb21tdW5pdHkvaGFwcGVuaW5ncy1hcm91bmQtdGhlLXBlcmhhbS1hcmVhLTM30gEA?hl=en-IN&gl=IN&ceid=IN%3Aen,2023-10-19
10,Community Calendar - October 18 | Community ...,Mid Florida Newspapers,news.google.com/articles/CBMilQFodHRwczovL3d3dy5taWRmbG9yaWRhbmV3c3BhcGVycy5jb20vdHJpYW5nbGVfbmV3c19sZWFkZXIvY29tbXVuaXR5L2NvbW11bml0eS1jYWxlbmRhci0tLW9jdG9iZXItMTgvYXJ0aWNsZV9iNDk0NjBmMC02Y2Y5LTExZWUtOWNjMy02MzY1YWQ1NGQ1Y2UuaHRtbNIBAA?hl=en-IN&gl=IN&ceid=IN%3Aen,2023-10-18
